row,ts_first,rx_ts_int,rx_ts_frac,rel_samp,rel_ns,rel_us,ma_ns,jitter_ns,fs_hz,pci,ssb,snr_db,peak_metric,quality,cfo_hz,coarse_offset_samp,cum_tracking_shift_samp,mib_payload
1,657065241,657085878,0.000000,20637.000000,671777.343750,671.777344,671777.343750,0.000000,30720000,84,3,1.72,4.513667,0.564208,1756.11,20639,-2,0xbc2b15
2,672644841,672665717,0.000000,20876.000000,679557.291667,679.557292,675667.317708,3889.973958,30720000,84,3,1.72,4.649847,0.581231,175.53,20639,-2,0xbc2b15
3,694456281,694477140,-0.009130,20858.990870,679003.609051,679.003609,676779.414823,3544.213817,30720000,84,3,1.72,5.302380,0.662797,2071.13,20639,-3,0xbc2b15
4,717561450,717582089,0.000000,20639.000000,671842.447917,671.842448,675545.173096,3740.474115,30720000,84,3,1.72,5.329769,0.666221,1140.55,20639,0,0xbc2b15
5,741242442,741263314,0.260012,20872.260012,679435.547281,679.435547,676323.247933,3689.785778,30720000,84,3,1.72,4.803669,0.600459,1836.73,20639,-5,0xbc2b15
6,763104656,763125298,-0.160317,20641.839683,671934.885515,671.934886,675591.854197,3744.344611,30720000,84,3,1.72,3.973899,0.496737,943.05,20639,2,0xbc2b15
7,785539280,785559912,0.000000,20632.000000,671614.583333,671.614583,675023.672645,3735.535360,30720000,84,3,1.72,5.805833,0.725729,1896.60,20639,-7,0xbc2b15
8,809896249,809916892,-0.266057,20642.733943,671963.995525,671.963996,674641.213005,3637.839194,30720000,84,3,1.72,5.822449,0.727806,998.38,20639,3,0xbc2b15
9,830603870,830624739,0.000000,20869.000000,679329.427083,679.329427,675162.125680,3732.859987,30720000,84,3,1.72,5.096637,0.637080,1621.75,20639,-9,0xbc2b15
10,854284862,854305729,-0.190463,20866.809537,679258.122943,679.258123,675571.725406,3748.435238,30720000,84,3,1.72,5.359203,0.669900,1905.49,20639,2,0xbc2b15
11,877342670,877363311,-0.249450,20640.750550,671899.431979,671.899432,675237.880549,3726.653753,30720000,84,3,1.72,4.943626,0.617953,773.71,20639,-7,0xbc2b15
12,898530926,898551804,0.000000,20878.000000,679622.395833,679.622396,675603.256823,3768.171600,30720000,84,3,1.72,5.571509,0.696439,1606.68,20639,0,0xbc2b15
13,927820574,927841207,0.054404,20633.054404,671648.906394,671.648906,675299.076021,3770.568783,30720000,84,3,1.72,4.964032,0.620504,583.73,20639,-7,0xbc2b15
14,948544367,948565236,0.241930,20869.241930,679337.302414,679.337302,675587.520763,3779.322725,30720000,84,3,1.72,5.323192,0.665399,2160.21,20639,-2,0xbc2b15
15,970523701,970544335,0.000000,20634.000000,671679.687500,671.679688,675326.998546,3779.056381,30720000,84,3,1.72,5.530759,0.691345,506.26,20639,-5,0xbc2b15
16,990465589,990486467,0.000000,20878.000000,679622.395833,679.622396,675595.460876,3803.914863,30720000,84,3,1.72,6.458632,0.807329,1926.38,20639,0,0xbc2b15
17,1012259302,1012280172,0.114022,20870.114022,679365.690814,679.365691,675817.239108,3795.467664,30720000,84,3,1.72,5.783304,0.722913,682.33,20639,-3,0xbc2b15
18,1032281156,1032301812,-0.048412,20655.951588,672394.257436,672.394257,675627.073459,3770.946251,30720000,84,3,1.72,4.879629,0.609954,853.59,20639,-2,0xbc2b15
19,1051599860,1051620498,0.000000,20638.000000,671809.895833,671.809896,675426.169374,3768.041511,30720000,84,3,1.72,10.046258,1.000000,166.28,20639,-1,0xbc2b15
20,1069105642,1069126514,-0.305066,20871.694934,679417.152795,679.417153,675625.718545,3774.229398,30720000,84,3,1.72,4.728202,0.591025,1632.07,20639,-4,0xbc2b15
21,1091608117,1091628982,0.024364,20865.024364,679200.011846,679.200012,675795.922988,3761.100162,30720000,84,3,1.72,5.286296,0.660787,28.62,20639,1,0xbc2b15
22,1113419557,1113440197,-0.210072,20639.789928,671868.161706,671.868162,675617.388384,3764.604473,30720000,84,3,1.72,6.161483,0.770185,1140.30,20639,-2,0xbc2b15
23,1138422948,1138443588,-0.171893,20639.828107,671869.404529,671.869405,675454.432564,3760.354156,30720000,84,3,1.72,5.772936,0.721617,765.33,20639,-1,0xbc2b15
24,1158988020,1159008660,0.244961,20640.244961,671882.974001,671.882974,675305.621791,3749.721670,30720000,84,3,1.72,5.610078,0.701260,-265.98,20639,-4,0xbc2b15
25,1177683540,1177704189,0.047258,20649.047258,672169.507085,672.169507,675180.177203,3725.005821,30720000,84,3,1.72,4.917244,0.614656,-90.62,20639,-3,0xbc2b15
26,1197625428,1197646071,-0.117940,20642.882060,671968.817045,671.968817,675056.663350,3704.508147,30720000,84,3,1.72,6.236798,0.779600,-127.34,20639,-2,0xbc2b15
27,1216944132,1216965008,0.211451,20876.211451,679564.174853,679.564175,675223.608221,3733.596468,30720000,84,3,1.72,5.902154,0.737769,1198.97,20639,-1,0xbc2b15
28,1237509204,1237530082,0.000000,20878.000000,679622.395833,679.622396,675380.707778,3756.096638,30720000,84,3,1.72,6.487867,0.810983,122.66,20639,0,0xbc2b15
29,1257499304,1257520175,-0.092603,20870.907397,679391.516820,679.391517,675519.011538,3762.625706,30720000,84,3,1.72,6.304080,0.788010,658.42,20639,1,0xbc2b15
30,1277643166,1277663807,0.000000,20641.000000,671907.552083,671.907552,675398.629557,3755.756021,30720000,84,3,1.72,9.198524,1.000000,-196.57,20639,2,0xbc2b15
31,1296961870,1296982657,0.228524,20787.228524,676667.595170,676.667595,675439.563931,3701.479338,30720000,84,3,1.72,4.900756,0.612594,116.62,20639,3,0xbc2b15
32,1315034206,1315054850,0.311280,20644.311280,672015.341154,672.015341,675332.556969,3691.579582,30720000,84,3,1.72,5.652188,0.706524,-1139.69,20639,4,0xbc2b15
33,1335599278,1335620148,-0.037148,20869.962852,679360.769929,679.360770,675569.539038,3699.147438,30720000,84,3,1.72,4.632421,0.579053,-850.00,20639,1,0xbc2b15
34,1350555694,1350576578,0.000000,20884.000000,679817.708333,679.817708,675577.677058,3708.186841,30720000,84,3,1.72,5.600791,0.700099,-79.76,20639,6,0xbc2b15
35,1351178878,1351199523,0.000000,20645.000000,672037.760417,672.037760,675359.994289,3705.141880,30720000,84,3,1.72,7.208604,0.901076,-694.73,20639,6,0xbc2b15
36,1351802062,1351822707,0.214529,20645.214529,672044.743795,672.044744,675366.316035,3699.302796,30720000,84,3,1.72,5.362114,0.670264,-201.80,20639,5,0xbc2b15
37,1352425246,1352445887,0.000000,20641.000000,671907.552083,671.907552,675131.066185,3672.313487,30720000,84,3,1.72,4.580192,0.572524,-276.05,20639,2,0xbc2b15
38,1353048430,1353069310,0.000000,20880.000000,679687.500000,679.687500,675373.335387,3709.007876,30720000,84,3,1.72,4.910141,0.613768,-610.70,20639,2,0xbc2b15
39,1353671614,1353692493,-0.055571,20878.944429,679653.138979,679.653139,675624.540251,3718.134778,30720000,84,3,1.72,5.351373,0.668922,-1103.55,20639,6,0xbc2b15
40,1354294798,1354315439,0.000000,20641.000000,671907.552083,671.907552,675622.776394,3719.883873,30720000,84,3,1.72,5.250203,0.656275,-672.85,20639,2,0xbc2b15
41,1354917982,1354938625,0.000000,20643.000000,671972.656250,671.972656,675392.877305,3711.022247,30720000,84,3,1.72,7.356311,0.919539,-1982.03,20639,4,0xbc2b15
42,1355541166,1355562047,-0.138891,20880.861109,679715.530907,679.715531,675407.171304,3726.730420,30720000,84,3,1.72,5.002401,0.625300,-1699.22,20639,6,0xbc2b15
43,1356253551,1356274425,0.122991,20874.122991,679496.191125,679.496191,675644.570028,3737.667283,30720000,84,3,1.72,5.290742,0.661343,-1711.29,20639,6,0xbc2b15
44,1356876735,1356897617,0.084595,20882.084595,679755.357897,679.755358,675648.725092,3742.158223,30720000,84,3,1.72,4.906720,0.613340,-1107.28,20639,5,0xbc2b15
45,1357499919,1357520797,0.006074,20878.006074,679622.593543,679.622594,675897.902815,3732.987062,30720000,84,3,1.72,7.677135,0.959642,-421.38,20639,2,0xbc2b15
46,1358123103,1358143747,0.000000,20644.000000,672005.208333,672.005208,675668.774875,3739.860333,30720000,84,3,1.72,9.237328,1.000000,-1888.78,20639,5,0xbc2b15
47,1358746287,1358766934,-0.240268,20646.759732,672095.043356,672.095043,675681.754746,3726.690546,30720000,84,3,1.72,4.245092,0.530636,-573.29,20639,6,0xbc2b15
48,1359369471,1359390125,0.003462,20654.003462,672330.841877,672.330842,675453.893685,3701.611225,30720000,84,3,1.72,6.819129,0.852391,-1772.18,20639,6,0xbc2b15
49,1991045810,1991645714,0.010022,599904.010022,19528125.326241,19528.125326,1264477.632292,3280249.973491,30720000,84,3,1.84,5.517532,0.689692,1393.23,599902,-2,0xc02b15
50,2002886306,2003486429,0.112453,600123.112453,19535257.566821,19535.257567,1853942.110710,4564376.755257,30720000,84,3,1.84,4.666957,0.583370,461.86,599902,1,0xc02b15
51,2021637217,2022237115,0.000000,599898.000000,19527929.687500,19527.929688,2443195.854200,5495835.031987,30720000,84,3,1.84,6.384347,0.798043,1654.85,599902,-4,0xc02b15
52,2042202289,2042802193,0.000000,599904.000000,19528125.000000,19528.125000,3032217.974425,6235523.407040,30720000,84,3,1.84,5.518581,0.689823,-299.88,599902,2,0xc02b15
53,2059651441,2060251337,0.000000,599896.000000,19527864.583333,19527.864583,3621238.742284,6845809.570795,30720000,84,3,1.84,5.800519,0.725065,1923.60,599902,-6,0xc02b15
54,2080216513,2080816419,0.000000,599906.000000,19528190.104167,19528.190104,4210498.802986,7358890.276270,30720000,84,3,1.84,4.102078,0.512760,-433.76,599902,4,0xc02b15
55,2099535217,2100135112,0.000000,599895.000000,19527832.031250,19527.832031,4799747.635071,7794013.047671,30720000,84,3,1.84,7.691565,0.961446,2101.15,599902,-7,0xc02b15
56,2120812915,2121413056,-0.021432,600140.978568,19535839.146105,19535.839146,5389246.265449,8164108.399013,30720000,84,3,1.84,4.723949,0.590494,-459.43,599902,2,0xc02b15
57,2142054406,2142654538,0.000000,600132.000000,19535546.875000,19535.546875,5978726.808196,8477235.553767,30720000,84,3,1.84,4.316310,0.539539,2144.40,599902,-9,0xc02b15
58,2164489030,2165089175,0.000000,600145.000000,19535970.052083,19535.970052,6568226.846791,8739546.539350,30720000,84,3,1.84,4.428293,0.553537,-285.55,599902,4,0xc02b15
59,2183886092,2184486214,0.087296,600122.087296,19535224.195827,19535.224196,7157466.222447,8955629.747675,30720000,84,3,1.84,4.916838,0.614605,1835.32,599902,-7,0xc02b15
60,2203917312,2204517459,0.000000,600147.000000,19536035.156250,19536.035156,7746729.121210,9128699.348486,30720000,84,3,1.84,7.509187,0.938648,-21.10,599902,6,0xc02b15
61,2222612832,2223212960,0.015977,600128.015977,19535417.186745,19535.417187,8335979.923395,9261101.167453,30720000,84,3,1.84,4.724596,0.590574,2734.62,599902,-5,0xc02b15
62,2242739291,2243339439,-0.033620,600147.966380,19536066.613940,19536.066614,8925484.894078,9354409.481145,30720000,84,3,1.84,4.019802,0.502475,1276.70,599902,8,0xc02b15
63,2263355872,2263955773,-0.233286,599900.766714,19528019.749817,19528.019750,9514589.648911,9409809.696962,30720000,84,3,1.84,4.879436,0.609929,2362.09,599902,-3,0xc02b15
64,2285790496,2286390417,-0.112748,599920.887252,19528674.715239,19528.674715,10103860.254351,9428022.886087,30720000,84,3,1.84,3.690376,0.461297,1987.94,599902,10,0xc02b15
65,2306355568,2306955468,0.000000,599900.000000,19527994.791667,19527.994792,10692880.067530,9409593.840288,30720000,84,3,1.84,7.458777,0.932347,710.80,599902,-2,0xc02b15
66,2325674272,2326274186,-0.438951,599913.561049,19528436.232053,19528.436232,11281899.396396,9354140.182876,30720000,84,3,1.84,7.002709,0.875339,2172.68,599902,11,0xc02b15
67,2348108896,2348708798,0.000000,599902.000000,19528059.895833,19528.059896,11871150.088128,9260664.644259,30720000,84,3,1.84,6.745620,0.843203,-369.34,599902,0,0xc02b15
68,2366804416,2367404566,0.000000,600150.000000,19536132.812500,19536.132812,12460652.840275,9128473.100565,30720000,84,3,1.84,5.368237,0.671030,1895.85,599902,9,0xc02b15
69,2387543304,2388143443,0.000000,600139.000000,19535774.739583,19535.774740,13050148.689885,8955604.634343,30720000,84,3,1.84,4.633214,0.579152,-52.77,599902,-2,0xc02b15
70,2406238824,2406838733,0.000000,599909.000000,19528287.760417,19528.287760,13639167.448023,8739864.015644,30720000,84,3,1.84,3.834264,0.479283,790.32,599902,7,0xc02b15
71,2427476678,2428076816,0.000000,600138.000000,19535742.187500,19535.742188,14228420.230789,8477980.147067,30720000,84,3,1.84,5.503913,0.687989,258.60,599902,-3,0xc02b15
72,2448041750,2448641670,0.043808,599920.043808,19528647.259379,19528.647259,14817693.346642,8164783.977460,30720000,84,3,1.84,4.460710,0.557589,-526.24,599902,5,0xc02b15
73,2467360454,2467960590,0.000000,600136.000000,19535677.083333,19535.677083,15407184.109988,7794782.497610,30720000,84,3,1.84,5.415911,0.676989,1347.09,599902,-5,0xc02b15
74,2487388523,2487988670,0.000000,600147.000000,19536035.156250,19536.035156,15996444.098280,7359759.887928,30720000,84,3,1.84,6.597641,0.824705,-985.72,599902,6,0xc02b15
75,2506787476,2507387610,0.000000,600134.000000,19535611.979167,19535.611979,16585697.716656,6846805.553268,30720000,84,3,1.84,5.894357,0.736795,992.03,599902,-7,0xc02b15
76,2526729364,2527329511,0.000000,600147.000000,19536035.156250,19536.035156,17174956.460355,6236771.355334,30720000,84,3,1.84,4.072277,0.509035,-467.38,599902,6,0xc02b15
77,2546048068,2546647965,0.000000,599897.000000,19527897.135417,19527.897135,17763965.039789,5497307.969216,30720000,84,3,1.84,8.108510,1.000000,-490.69,599902,-5,0xc02b15
78,2566247897,2566847820,-0.352166,599922.647834,19528732.025856,19528.732026,18353237.752836,4565222.455330,30720000,84,3,1.84,4.252189,0.531524,-1633.58,599902,8,0xc02b15
79,2586812969,2587412868,0.000000,599899.000000,19527962.239583,19527.962240,18942483.602718,3281418.437336,30720000,84,3,1.84,6.088152,0.761019,269.01,599902,-3,0xc02b15
80,2609338078,2609937988,-0.461927,599909.538073,19528305.275798,19528.305276,19531732.803778,3791.463042,30720000,84,3,1.84,7.341490,0.917686,-2163.13,599902,6,0xc02b15
81,2632395886,2632995783,0.000000,599897.000000,19527897.135417,19527.897135,19531725.672815,3798.449414,30720000,84,3,1.84,4.882170,0.610271,-749.84,599902,-5,0xc02b15
82,2652960958,2653543483,0.038468,582525.038468,18962403.595962,18962.403596,19513823.986226,99108.810728,30720000,84,3,1.71,5.057056,0.632132,1211.67,582294,2,0xc02b15
83,2677265134,2677865030,0.000000,599896.000000,19527864.583333,19527.864583,19513821.951720,99108.521813,30720000,84,3,1.84,7.067739,0.883467,691.80,599902,-6,0xc02b15
84,2698515478,2699097774,0.404030,582296.404030,18954961.068675,18954.961069,19495910.578867,138764.045190,30720000,84,3,1.71,5.994572,0.749322,756.96,582294,0,0xc02b15
85,2720326918,2720927050,0.275656,600132.275656,19535555.848161,19535.555848,19496150.930892,138825.831526,30720000,84,3,1.84,6.002696,0.750337,491.54,599902,-8,0xc02b15
86,2743688160,2744270694,0.048375,582534.048375,18962696.887217,18962.696887,19478479.267863,166796.757919,30720000,84,3,1.71,4.482059,0.560257,803.83,582294,2,0xc02b15
87,2763630048,2764229943,-0.295751,599894.704249,19527822.403947,19527.822404,19478478.967010,166796.668910,30720000,84,3,1.84,5.240073,0.655009,53.04,599902,-10,0xc02b15
88,2785441488,2786024024,-0.435639,582535.564361,18962746.235718,18962.746236,19460569.813560,188969.456147,30720000,84,3,1.71,5.809830,0.726229,629.22,582294,4,0xc02b15
89,2809194763,2809794657,0.000000,599894.000000,19527799.479167,19527.799479,19460327.707440,188878.181964,30720000,84,3,1.84,9.836285,1.000000,960.26,599902,-8,0xc02b15
90,2829759835,2830342134,0.000000,582299.000000,18955045.572917,18955.045573,19442173.817466,207713.835300,30720000,84,3,1.71,5.450737,0.681342,1521.55,582294,5,0xc02b15
91,2852817643,2853417775,0.161496,600132.161496,19535552.132024,19535.552132,19442184.065472,207718.433925,30720000,84,3,1.84,6.316935,0.789617,651.73,599902,-6,0xc02b15
92,2874629083,2875211613,0.019985,582530.019985,18962565.754709,18962.565755,19424263.146674,223022.625502,30720000,84,3,1.71,4.904086,0.613011,2491.71,582294,5,0xc02b15
93,2897063707,2897663839,0.493603,600132.493603,19535562.942808,19535.562943,19424267.701551,223024.897075,30720000,84,3,1.84,6.486057,0.810757,292.56,599902,-8,0xc02b15
94,2920121515,2920703817,0.255397,582302.255397,18955151.542873,18955.151543,19406114.105580,236425.769727,30720000,84,3,1.71,6.318965,0.789871,750.01,582294,3,0xc02b15
95,2940063403,2940663533,-0.077446,600129.922554,19535479.249793,19535.479250,19406347.214955,236549.495513,30720000,84,3,1.84,3.956876,0.494610,436.38,599902,-10,0xc02b15
96,2958135739,2958718047,0.091266,582308.091266,18955341.512568,18955.341513,19388430.552371,248039.257931,30720000,84,3,1.71,6.367390,0.795924,715.13,582294,5,0xc02b15
97,2982439915,2983040048,0.000000,600133.000000,19535579.427083,19535.579427,19388667.572228,248176.094734,30720000,84,3,1.84,7.706113,0.963264,-753.79,599902,-8,0xc02b15
98,3001806804,3002389108,0.013728,582304.013728,18955208.780210,18955.208780,19370754.214358,257936.934246,30720000,84,3,1.71,5.017596,0.627200,-565.53,582294,7,0xc02b15
99,3021125508,3021725402,0.081435,599894.081435,19527802.130041,19527.802130,19370746.159177,257932.025558,30720000,84,3,1.84,5.945794,0.743224,716.77,599902,-10,0xc02b15
100,3045665470,3046248005,0.423478,582535.423478,18962741.649684,18962.741650,19352827.685339,265622.287868,30720000,84,3,1.71,4.771831,0.596479,10.44,582294,8,0xc02b15
101,3064984174,3065584069,-0.041200,599894.958800,19527830.690096,19527.830690,19352579.433792,265454.848378,30720000,84,3,1.84,6.822617,0.852827,614.65,599902,-8,0xc02b15
102,3084302878,3084885393,0.329502,582515.329502,18962087.548888,18962.087549,19334885.677182,271943.993331,30720000,84,3,1.71,9.292616,1.000000,788.52,582294,10,0xc02b15
103,3108673297,3109273432,0.000000,600135.000000,19535644.531250,19535.644531,19334882.625424,271941.739839,30720000,84,3,1.84,5.098860,0.637358,896.28,599902,-6,0xc02b15
104,3128680760,3129263072,-0.081173,582311.918827,18955466.107650,18955.466108,19316970.714433,277410.982712,30720000,84,3,1.71,4.797298,0.599662,778.77,582294,12,0xc02b15
105,3151115384,3151715518,0.000000,600134.000000,19535611.979167,19535.611979,19316968.679927,277409.378968,30720000,84,3,1.84,4.621483,0.577685,527.70,599902,-7,0xc02b15
106,3174236180,3174818494,0.493625,582314.493625,18955549.922675,18955.549923,19298828.516378,281441.275692,30720000,84,3,1.71,4.846984,0.605873,1365.56,582294,13,0xc02b15
107,3193554884,3194154778,0.087448,599894.087448,19527802.325773,19527.802326,19298584.464710,281239.156702,30720000,84,3,1.84,4.841594,0.605199,418.01,599902,-9,0xc02b15
108,3212250403,3212832950,-0.308608,582546.691392,18963108.443751,18963.108444,19280680.504944,283777.999572,30720000,84,3,1.71,5.171575,0.646447,1870.60,582294,15,0xc02b15
109,3231569107,3232169237,0.000000,600130.000000,19535481.770833,19535.481771,19280917.524801,283987.473444,30720000,84,3,1.84,5.091062,0.636383,-777.97,599902,-11,0xc02b15
110,3250887811,3251470128,-0.209030,582316.790970,18955624.706052,18955.624706,19263007.921057,285859.645867,30720000,84,3,1.71,4.771412,0.596426,362.42,582294,17,0xc02b15
111,3270829699,3271429820,-0.131194,600120.868806,19535184.531441,19535.184531,19263233.617677,286071.520483,30720000,84,3,1.84,5.281180,0.660147,-1143.63,599902,-11,0xc02b15
112,3291648395,3292230704,0.000000,582309.000000,18955371.093750,18955.371094,19245329.424488,286849.247212,30720000,84,3,1.71,4.759158,0.594895,985.24,582294,15,0xc02b15
113,3311590283,3312190177,-0.203542,599893.796458,19527792.853439,19527.792853,19245326.165677,286846.037597,30720000,84,3,1.84,9.132092,1.000000,-1978.30,599902,-9,0xc02b15
114,3333401723,3333984033,0.358485,582310.358485,18955415.315274,18955.415315,19245107.781905,287063.928623,30720000,84,3,1.71,5.627810,0.703476,804.79,582294,15,0xc02b15
115,3357705899,3358306018,-0.120554,600118.879446,19535119.773640,19535.119774,19245334.506602,287289.938118,30720000,84,3,1.84,5.459981,0.682498,-1810.51,599902,-11,0xc02b15
116,3383879627,3384444587,0.000000,564960.000000,18390625.000000,18390.625000,19227699.004456,320029.077325,30720000,84,3,1.90,7.895434,0.986929,1121.38,564719,2,0xc42b15
117,3404500606,3405100737,0.207845,600131.207845,19535521.088693,19535.521089,19227697.918223,320028.032462,30720000,84,3,1.84,5.015353,0.626919,-1729.52,599902,-9,0xc02b15
118,3427558414,3428123362,-0.137042,564947.862958,18390229.913991,18390.229914,19209808.325310,349028.116728,30720000,84,3,1.90,5.128515,0.641064,1894.99,564719,1,0xc42b15
119,3452485774,3453085669,0.000000,599895.000000,19527832.031250,19527.832031,19209808.626163,349028.390852,30720000,84,3,1.84,5.394137,0.674267,-1540.44,599902,-7,0xc02b15
120,3472513783,3473078739,-0.002193,564955.997807,18390494.720277,18390.494720,19191925.766305,374927.831464,30720000,84,3,1.90,5.331212,0.666402,1506.02,564719,-1,0xc42b15
121,3495571591,3496171722,-0.092696,600130.907304,19535511.305463,19535.511305,19192166.760877,375146.060515,30720000,84,3,1.84,5.529954,0.691244,-2168.91,599902,-5,0xc02b15
122,3519252583,3519817538,0.000000,564955.000000,18390462.239583,18390.462240,19174523.531710,398436.347786,30720000,84,3,1.90,4.858953,0.607369,971.71,564719,-3,0xc42b15
123,3538024809,3538624943,0.000000,600134.000000,19535611.979167,19535.611979,19174525.401933,398438.042553,30720000,84,3,1.84,8.084209,1.000000,-2432.99,599902,-7,0xc02b15
124,3563373745,3563938697,0.416763,564952.416763,18390378.149839,18390.378150,19156644.539281,419814.720035,30720000,84,3,1.90,4.282788,0.535348,-446.60,564719,-4,0xc42b15
125,3583315633,3583915528,-0.354569,599894.645431,19527820.489301,19527.820489,19156402.587609,419598.443794,30720000,84,3,1.84,5.568884,0.696110,-2867.43,599902,-8,0xc02b15
126,3603936123,3604501071,0.166386,564948.166386,18390239.791217,18390.239791,19138749.095370,439123.491722,30720000,84,3,1.90,4.980348,0.622544,-1535.31,564719,-6,0xc42b15
127,3623318452,3623918582,0.468421,600130.468421,19535497.018899,19535.497019,19138749.650655,439123.993410,30720000,84,3,1.84,4.691594,0.586449,-2553.01,599902,-6,0xc02b15
128,3643260340,3643825288,0.051378,564948.051378,18390236.047475,18390.236047,19121090.104870,457138.203050,30720000,84,3,1.90,5.551598,0.693950,-359.19,564719,-6,0xc42b15
129,3662579044,3663179172,-0.188495,600127.811505,19535410.530762,19535.410531,19121084.826860,457133.418374,30720000,84,3,1.84,6.353442,0.794180,-2376.31,599902,-8,0xc02b15
130,3683144116,3683709066,-0.186351,564949.813649,18390293.413063,18390.293413,19103431.221637,473802.412172,30720000,84,3,1.90,5.149559,0.643695,228.73,564719,-4,0xc42b15
131,3700593268,3701193161,0.379258,599893.379258,19527779.272717,19527.779273,19103430.507346,473801.772418,30720000,84,3,1.84,6.967840,0.870980,-2783.68,599902,-10,0xc02b15
132,3721865896,3722430613,0.000000,564717.000000,18382714.843750,18382.714844,19085304.669660,489666.470252,30720000,84,3,1.90,5.465412,0.683177,533.31,564719,-2,0xc42b15
133,3739938232,3740538364,-0.263873,600131.736127,19535538.285389,19535.538285,19085545.532013,489885.931887,30720000,84,3,1.84,5.555883,0.694485,-1249.53,599902,-8,0xc02b15
134,3758633752,3759198470,0.304522,564718.304522,18382757.308662,18382.757309,19067441.462006,504597.748781,30720000,84,3,1.90,4.492664,0.561583,-378.21,564719,-4,0xc42b15
135,3777329272,3777929164,0.000000,599892.000000,19527734.375000,19527.734375,19067194.269623,504370.211092,30720000,84,3,1.84,7.001123,0.875140,-755.17,599902,-10,0xc02b15
136,3795401608,3795966322,-0.485469,564713.514531,18382601.384470,18382.601384,19049292.247024,518000.564484,30720000,84,3,1.90,5.946324,0.743290,-1407.40,564719,-6,0xc42b15
137,3814722562,3815322458,0.088743,599896.088743,19527867.472100,19527.867472,19049050.231178,517775.053826,30720000,84,3,1.84,4.350324,0.543790,-1439.51,599902,-12,0xc02b15
138,3834041266,3834605981,0.000000,564715.000000,18382649.739583,18382.649740,19031147.100456,530448.006533,30720000,84,3,1.90,5.191298,0.648912,-2308.06,564719,-4,0xc42b15
139,3852804936,3853405065,0.427631,600129.427631,19535463.139033,19535.463139,19031386.500871,530673.782335,30720000,84,3,1.84,5.628152,0.703519,-324.53,599902,-10,0xc02b15
140,3870946932,3871511648,0.000000,564716.000000,18382682.291667,18382.682292,19013248.183618,542485.498899,30720000,84,3,1.90,7.048995,0.881124,-2996.17,564719,-3,0xc42b15
141,3890888820,3891488717,0.067028,599897.067028,19527899.317315,19527.899317,19013011.231946,542258.949950,30720000,84,3,1.84,4.202791,0.525349,-99.95,599902,-12,0xc02b15
142,3908337972,3908902926,-0.145326,564953.854674,18390424.956851,18390.424957,18995348.739783,552940.159004,30720000,84,3,1.90,4.223998,0.528000,-3769.89,564719,-1,0xc42b15
143,3929526228,3930126130,-0.122633,599901.877367,19528055.903867,19528.055904,18995125.970172,552724.017784,30720000,84,3,1.84,4.820383,0.602548,1204.87,599902,-11,0xc02b15
144,3949468116,3950033071,-0.084525,564954.915475,18390459.488130,18390.459488,18977472.482496,562644.184825,30720000,84,3,1.90,5.421062,0.677633,-4367.82,564719,-1,0xc42b15
145,3971902740,3972502862,-0.151249,600121.848751,19535216.430696,19535.216431,18977704.469285,562872.526585,30720000,84,3,1.84,5.077525,0.634691,1946.52,599902,-13,0xc02b15
146,3993182028,3993746983,-0.073439,564954.926561,18390459.848995,18390.459849,18960049.610964,572079.557045,30720000,84,3,1.90,5.922386,0.740298,-3429.71,564719,-2,0xc42b15
147,4014370284,4014970193,0.094086,599909.094086,19528290.823126,19528.290823,18959836.206260,571866.230881,30720000,84,3,1.84,4.028707,0.503588,1207.67,599902,-15,0xc02b15
148,4033065804,4033630535,-0.114819,564730.885181,18383166.835327,18383.166835,18959603.138614,572099.641138,30720000,84,3,1.90,4.801763,0.600220,-2353.89,564719,-4,0xc42b15
149,4055500428,4056100327,0.038007,599899.038007,19527963.476797,19527.963477,18959366.963243,571863.351913,30720000,84,3,1.84,6.010812,0.751351,1534.66,599902,-17,0xc02b15
150,4075442316,4076007034,0.126542,564718.126542,18382751.515026,18382.751515,18959133.263275,572097.370180,30720000,84,3,1.90,5.763567,0.720446,-1815.77,564719,-2,0xc42b15
151,4096007388,4096607276,-0.071191,599887.928809,19527601.849251,19527.601849,18959126.070087,572090.221082,30720000,84,3,1.84,5.311337,0.663917,44.43,599902,-17,0xc02b15
152,4114702908,4115267857,0.382246,564949.382246,18390279.369975,18390.279370,18959119.340391,572096.911279,30720000,84,3,1.90,5.027907,0.628488,-2038.77,564719,0,0xc42b15
153,4135318949,4135918836,-0.077680,599886.922320,19527569.085927,19527.569086,18958871.146030,571848.468598,30720000,84,3,1.84,6.488193,0.811024,198.23,599902,-17,0xc02b15
154,4154637653,4155202383,0.069814,564730.069814,18383140.293409,18383.140293,18958642.335212,572077.276457,30720000,84,3,1.90,4.116775,0.514597,-490.26,564719,-2,0xc42b15
155,4174579541,4175179652,0.189839,600111.189839,19534869.460899,19534.869461,18958619.131516,572053.888434,30720000,84,3,1.84,4.784094,0.598012,270.33,599902,-15,0xc02b15
156,4193898245,4194463199,0.000000,564954.000000,18390429.687500,18390.429688,18958620.742068,572052.288685,30720000,84,3,1.90,8.804265,1.000000,9.12,564719,-4,0xc42b15
157,4211970581,4212570469,-0.048956,599887.951044,19527602.573034,19527.602573,18958613.932185,572045.513976,30720000,84,3,1.84,4.308367,0.538546,610.14,599902,-16,0xc02b15
158,4231912469,4232477406,0.228275,564937.228275,18389883.732921,18389.883733,18958602.805363,572056.572633,30720000,84,3,1.90,4.926393,0.615799,-182.35,564719,-6,0xc42b15
159,4251281910,4251881802,-0.218550,599891.781450,19527727.260742,19527.727261,18958360.000421,571813.260026,30720000,84,3,1.84,5.966061,0.745758,1612.90,599902,-18,0xc02b15
160,4271223798,4271788514,-0.054785,564715.945215,18382680.508292,18382.680508,18958123.889821,572049.309685,30720000,84,3,1.90,5.716946,0.714618,782.54,564719,-4,0xc42b15
161,4291165686,4291765809,0.019406,600123.019406,19535254.537967,19535.254538,18958119.015046,572044.390902,30720000,84,3,1.84,4.942335,0.617792,546.35,599902,-17,0xc02b15
162,4310484390,4311049334,-0.148026,564943.851974,18390099.348116,18390.099348,18958112.950517,572050.411671,30720000,84,3,1.90,4.585813,0.573227,843.25,564719,-2,0xc42b15
163,4330221554,4330821676,-0.490697,600121.509303,19535205.380963,19535.205381,18958345.016399,572282.922356,30720000,84,3,1.84,5.324797,0.665600,839.42,599902,-15,0xc02b15
164,4350163442,4350728396,0.000000,564954.000000,18390429.687500,18390.429688,18958586.105267,572041.946895,30720000,84,3,1.90,5.834050,0.729256,-243.80,564719,-4,0xc42b15
165,4368858962,4369459090,0.000000,600128.000000,19535416.666667,19535.416667,18958582.304681,572038.114065,30720000,84,3,1.84,5.554294,0.694287,411.24,599902,-13,0xc02b15
166,4388800850,4389365802,0.477531,564952.477531,18390380.127947,18390.380128,18958820.517784,571799.811941,30720000,84,3,1.90,5.673854,0.709232,818.92,564719,-4,0xc42b15
167,4411320707,4411920595,-0.095659,599887.904341,19527601.052773,19527.601053,18958816.351465,571795.667105,30720000,84,3,1.84,4.672485,0.584061,524.74,599902,-15,0xc02b15
168,4434378515,4434943456,-0.061087,564940.938913,18390004.521919,18390.004522,18959047.699510,571563.934907,30720000,84,3,1.90,6.185968,0.773246,1656.28,564719,-6,0xc42b15
169,4454500889,4455100779,0.033257,599890.033257,19527670.353406,19527.670353,18959041.539551,571557.805519,30720000,84,3,1.84,5.337540,0.667192,-308.04,599902,-13,0xc02b15
170,4475689145,4476253860,0.000000,564715.000000,18382649.739583,18382.649740,18959041.539551,571557.805519,30720000,84,3,1.90,5.013243,0.626655,1724.71,564719,-4,0xc42b15
171,4499568580,4500168692,0.054161,600112.054161,19534897.596397,19534.897596,18959023.866343,571539.990110,30720000,84,3,1.84,3.875223,0.484403,967.99,599902,-15,0xc02b15
172,4520133652,4520698606,0.125497,564954.125497,18390433.772676,18390.433773,18959266.100125,571297.261056,30720000,84,3,1.90,6.231337,0.778917,2107.17,564719,-3,0xc42b15
173,4544437828,4545037715,-0.027439,599886.972561,19527570.721373,19527.570721,18959255.831502,571287.043087,30720000,84,3,1.84,6.443961,0.805495,1085.81,599902,-17,0xc02b15
174,4568178165,4568743118,0.000000,564953.000000,18390397.135417,18390.397135,18959254.962082,571287.908789,30720000,84,3,1.90,4.919498,0.614937,988.99,564719,-5,0xc42b15
175,4590861102,4591461208,-0.001035,600105.998965,19534700.487141,19534.700487,18959462.605309,571495.780073,30720000,84,3,1.84,5.353329,0.669166,324.70,599902,-19,0xc02b15
176,4617034830,4617599542,0.000000,564712.000000,18382552.083333,18382.552083,18959215.498909,571743.411133,30720000,84,3,1.90,6.626240,0.828280,1584.10,564719,-7,0xc42b15
177,4639469454,4640069578,0.000000,600124.000000,19535286.458333,19535.286458,18959217.687273,571745.615918,30720000,84,3,1.84,5.750962,0.718870,-852.57,599902,-17,0xc02b15
178,4660946462,4661511405,-0.081141,564942.918859,18390068.973281,18390.068973,18959205.472407,571757.770868,30720000,84,3,1.90,5.058722,0.632340,693.72,564719,-5,0xc42b15
179,4683381086,4683981210,0.000000,600124.000000,19535286.458333,19535.286458,18959424.086007,571976.616386,30720000,84,3,1.84,5.690159,0.711270,-567.65,599902,-17,0xc02b15
180,4703322974,4703887927,0.000000,564953.000000,18390397.135417,18390.397135,18959650.032885,571750.317228,30720000,84,3,1.90,5.603588,0.700448,636.84,564719,-5,0xc42b15
181,4705815710,4706380427,0.342898,564717.342898,18382726.005803,18382.726006,18923861.361916,570899.078304,30720000,84,3,1.90,8.599414,1.000000,759.22,564719,-3,0xc42b15
182,4706438894,4707003844,0.244270,564950.244270,18390307.430665,18390.307431,18924097.484280,570676.747120,30720000,84,3,1.90,5.274269,0.659284,675.38,564719,-3,0xc42b15
183,4707062078,4707626792,-0.383113,564713.616887,18382604.716372,18382.604716,18888316.323878,567602.687945,30720000,84,3,1.90,6.683853,0.835482,596.57,564719,-7,0xc42b15
184,4707685262,4708249974,0.000000,564712.000000,18382552.083333,18382.552083,18888074.846170,567816.122228,30720000,84,3,1.90,8.622921,1.000000,-324.61,564719,-7,0xc42b15
185,4708308446,4708873401,0.000000,564955.000000,18390462.239583,18390.462240,18852540.257222,562237.259648,30720000,84,3,1.90,5.096122,0.637015,1179.20,564719,-3,0xc42b15
186,4708931630,4709496353,-0.281706,564722.718294,18382900.986147,18382.900986,18852532.778870,562243.504673,30720000,84,3,1.90,6.618298,0.827287,954.37,564719,-3,0xc42b15
187,4709554814,4710119750,0.213431,564936.213431,18389850.697640,18389.850698,18816750.942518,554055.749681,30720000,84,3,1.90,4.020978,0.502622,1378.25,564719,-7,0xc42b15
188,4710177998,4710742718,-0.365372,564719.634628,18382800.606382,18382.800606,18816512.533733,554240.753843,30720000,84,3,1.90,4.194883,0.524360,152.97,564719,-7,0xc42b15
189,4710801182,4711365894,0.000000,564712.000000,18382552.083333,18382.552083,18780729.705930,544045.882344,30720000,84,3,1.90,4.727866,0.590983,-381.12,564719,-7,0xc42b15
190,4711424366,4711989090,-0.042046,564723.957954,18382941.339658,18382.941340,18780512.756140,544203.058685,30720000,84,3,1.90,5.083066,0.635383,1798.78,564719,-3,0xc42b15
191,4712047550,4712612267,-0.133121,564716.866879,18382710.510383,18382.710510,18744730.982692,531388.787504,30720000,84,3,1.90,5.133193,0.641649,-390.63,564719,-5,0xc42b15
192,4712670734,4713235458,0.209563,564724.209563,18382949.530048,18382.949530,18744739.389622,531383.061652,30720000,84,3,1.90,6.687241,0.835905,1810.62,564719,-7,0xc42b15
193,4713293918,4713893806,-0.107489,599887.892511,19527600.667683,19527.600668,18744500.206175,531028.789620,30720000,84,3,1.84,4.337054,0.542132,-706.91,599902,-15,0xc02b15
194,4713917102,4714516985,0.000000,599883.000000,19527441.406250,19527.441406,18780042.145492,544021.599558,30720000,84,3,1.84,4.452100,0.556513,713.21,599902,-19,0xc02b15
195,4714540286,4715140404,-0.007318,600117.992682,19535090.907611,19535.090908,18780038.568200,544016.634215,30720000,84,3,1.84,6.200899,0.775112,-1443.88,599902,-19,0xc02b15
